{"cameraMode":{"drawMode":0,"name":"Shaded","section":"Shading Mode"},"sceneLighting":false,"audioPlay":false,"sceneViewState":{"showFog":false,"showMaterialUpdate":false,"showSkybox":false,"showFlares":false,"showImageEffects":false,"showParticleSystems":false},"in2DMode":false,"pivot":{"x":-27.145923614501954,"y":21.79395866394043,"z":-40.47430419921875},"rotation":{"x":0.2592429220676422,"y":0.4362417161464691,"z":-0.13277292251586915,"w":0.8515365719795227},"size":3.33471941947937,"orthographic":false}